YEAR,ADDR_PCT_CD,CONDUCT,DRUGS,MISC,PROPERTY,TRAFFIC,VIOLENT
1980,9,0,0,0,0,0,3
1980,18,1,0,0,1,0,0
1980,19,0,0,0,1,0,0
1980,40,1,0,0,0,0,0
1980,45,0,1,0,0,0,0
1980,46,0,0,0,0,1,0
1980,48,0,0,0,1,0,0
1980,71,0,0,0,1,0,1
1980,84,1,0,0,0,0,0
1980,94,0,0,0,0,0,2
1980,109,0,0,0,0,0,1
1980,113,0,0,0,1,0,0
1980,120,1,0,0,0,0,0
1981,9,0,0,0,1,0,0
1981,14,0,0,0,1,0,0
1981,41,0,0,0,0,0,1
1981,46,1,0,0,0,0,0
1981,60,0,0,0,0,0,1
1981,61,0,0,1,0,0,0
1981,73,0,0,0,0,0,3
1981,104,0,0,0,0,0,3
1981,105,1,0,0,0,0,1
1981,109,0,0,0,0,0,1
1981,120,0,0,1,0,0,0
1981,121,0,0,0,1,0,0
1982,23,1,0,0,0,0,0
1982,63,0,0,0,2,0,0
1982,77,0,0,0,0,0,1
1982,106,0,0,0,0,0,1
1982,107,0,0,0,0,0,3
1982,109,1,0,0,0,0,0
1982,120,0,0,0,0,0,2
1983,10,0,0,0,1,0,0
1983,14,0,0,0,0,0,2
1983,69,0,0,0,0,0,1
1983,72,0,0,0,0,0,3
1983,75,0,0,0,0,0,1
1983,94,0,0,0,0,0,2
1983,100,0,0,0,1,0,0
1983,102,0,0,0,0,0,1
1983,114,0,0,0,0,0,1
1984,23,0,0,0,0,0,2
1984,32,0,0,0,3,0,0
1984,40,0,0,0,1,0,0
1984,47,1,0,0,0,0,0
1984,62,0,0,0,1,0,0
1984,70,1,0,0,0,0,0
1984,73,0,0,0,0,0,1
1984,77,0,0,0,0,0,1
1984,84,0,0,0,0,0,1
1984,94,0,0,0,0,0,1
1984,114,0,0,0,0,0,1
1984,123,0,0,0,1,0,0
1985,6,0,0,0,0,0,3
1985,7,1,0,0,0,0,0
1985,9,0,0,0,0,0,4
1985,17,0,0,0,0,0,1
1985,34,0,0,0,1,0,0
1985,46,0,0,0,1,0,0
1985,47,0,0,0,1,0,0
1985,49,0,0,0,1,0,3
1985,50,0,0,0,2,0,0
1985,67,0,0,0,1,0,0
1985,73,1,0,0,0,0,0
1985,76,0,0,0,0,0,1
1985,77,0,0,0,0,0,1
1985,81,0,0,0,1,0,0
1985,88,0,0,0,1,0,0
1985,100,0,0,1,0,0,0
1985,104,0,0,0,0,0,1
1985,107,1,0,0,1,0,0
1985,112,0,0,0,0,0,4
1985,114,0,0,0,0,0,1
1985,120,0,0,0,0,0,1
1986,5,0,0,0,0,0,1
1986,9,0,0,0,0,0,1
1986,23,0,0,0,0,0,2
1986,40,0,0,0,2,0,1
1986,42,1,0,0,2,0,0
1986,44,0,0,0,2,0,1
1986,47,0,0,0,0,0,1
1986,52,0,0,0,0,0,1
1986,62,0,0,0,1,0,1
1986,69,1,0,0,0,0,0
1986,70,0,0,0,0,0,1
1986,71,0,0,0,1,0,0
1986,73,0,0,0,1,0,0
1986,75,0,0,0,2,0,0
1986,101,1,0,0,0,0,1
1986,103,0,0,0,0,0,1
1986,104,0,0,0,0,0,2
1986,106,0,0,0,1,0,0
1986,107,0,0,0,1,0,0
1986,109,0,0,0,0,0,1
1986,113,0,0,0,1,0,0
1986,114,0,0,0,1,0,1
1986,115,1,0,0,0,0,0
1987,14,0,0,0,1,0,0
1987,25,0,0,0,1,0,0
1987,47,0,0,0,1,0,1
1987,52,0,1,0,0,0,0
1987,62,0,0,0,1,0,1
1987,73,0,0,0,0,0,1
1987,75,0,0,0,1,0,0
1987,77,0,0,0,0,0,3
1987,81,0,0,0,1,0,0
1987,83,0,0,0,1,0,0
1987,103,0,0,0,0,0,1
1987,104,0,0,0,0,0,3
1987,108,1,0,0,0,0,0
1987,114,0,0,0,1,0,0
1987,115,0,0,0,0,0,1
1987,120,0,0,0,0,0,1
1988,1,0,0,0,0,0,1
1988,7,0,0,0,1,0,0
1988,20,0,0,0,0,0,1
1988,23,0,0,0,0,0,1
1988,40,0,0,0,1,0,0
1988,48,0,0,0,0,0,2
1988,67,0,0,0,0,0,1
1988,71,0,0,0,1,0,0
1988,73,1,0,0,0,0,0
1988,75,1,0,0,0,0,1
1988,81,0,0,0,1,0,0
1988,102,0,0,0,1,0,0
1988,106,0,0,0,0,0,1
1988,114,0,0,0,0,0,1
1988,120,0,0,0,1,0,0
1989,9,0,0,0,0,0,3
1989,19,0,0,0,0,0,1
1989,20,1,0,0,1,0,2
1989,24,0,0,0,1,0,0
1989,32,0,0,0,0,0,1
1989,34,0,0,0,0,0,3
1989,40,0,0,0,1,0,0
1989,42,0,0,0,1,0,0
1989,47,0,0,0,0,0,1
1989,52,0,0,0,0,0,1
1989,66,1,0,0,0,0,0
1989,75,0,0,0,1,0,1
1989,77,0,0,0,0,0,3
1989,79,0,0,0,1,0,0
1989,81,0,0,0,0,0,1
1989,90,0,0,0,0,0,1
1989,102,0,0,0,1,0,0
1989,104,0,0,0,1,0,1
1989,105,0,0,0,3,0,0
1989,109,0,0,1,0,0,0
1989,111,0,0,0,1,0,0
1990,6,0,0,0,1,0,0
1990,10,0,0,0,0,0,3
1990,18,1,0,0,0,0,0
1990,25,0,0,0,0,0,1
1990,40,0,0,0,1,0,0
1990,41,0,0,0,0,0,1
1990,42,1,0,0,1,0,0
1990,43,0,0,0,0,0,2
1990,45,0,0,0,0,0,1
1990,49,0,0,0,1,0,0
1990,67,0,0,0,0,0,1
1990,70,0,0,0,1,0,0
1990,71,0,0,0,1,0,0
1990,73,0,0,0,1,0,0
1990,75,0,0,0,2,0,1
1990,77,0,0,0,1,0,0
1990,81,0,0,0,2,0,0
1990,83,0,0,0,0,0,2
1990,88,0,0,0,0,0,1
1990,90,0,0,0,0,0,1
1990,102,0,0,0,1,0,0
1990,105,0,0,0,2,0,1
1991,1,0,0,0,0,0,3
1991,7,0,0,0,1,0,0
1991,9,0,0,0,0,0,4
1991,20,0,0,0,1,0,0
1991,23,0,0,0,1,0,1
1991,40,0,0,0,1,0,0
1991,41,1,0,0,0,0,0
1991,42,0,0,0,1,0,0
1991,44,0,0,0,0,0,3
1991,46,0,0,0,1,0,0
1991,47,0,0,0,1,0,0
1991,52,0,0,0,1,0,1
1991,61,0,0,0,1,0,0
1991,66,0,0,0,0,0,1
1991,67,0,0,0,3,0,1
1991,71,0,0,0,2,0,1
1991,75,0,0,0,1,0,0
1991,101,0,0,0,0,0,1
1991,104,0,0,0,0,0,1
1991,105,0,0,0,0,0,2
1991,108,0,0,0,1,0,0
1991,110,0,0,0,0,0,1
1991,111,0,0,0,1,0,0
1991,113,0,0,0,0,0,1
1991,114,0,0,0,1,0,3
1991,115,0,0,0,1,0,0
1991,120,0,0,0,1,0,0
1992,5,0,0,0,0,0,3
1992,6,0,0,0,0,0,1
1992,9,0,0,0,0,0,2
1992,19,0,0,0,0,0,1
1992,23,0,0,0,0,0,1
1992,25,0,0,0,1,0,2
1992,30,0,0,0,1,0,0
1992,34,0,0,0,0,0,2
1992,40,0,0,0,1,0,0
1992,41,0,0,0,2,0,0
1992,42,0,0,0,1,0,0
1992,44,0,0,0,1,0,0
1992,46,0,0,0,1,0,4
1992,47,0,0,0,1,0,2
1992,48,0,0,0,1,0,0
1992,50,0,0,0,2,0,0
1992,52,0,0,0,0,0,1
1992,60,0,0,0,1,0,0
1992,62,0,0,0,0,0,1
1992,63,0,0,0,1,0,0
1992,69,0,0,0,0,0,1
1992,70,0,0,0,1,0,0
1992,73,0,0,0,1,0,0
1992,75,0,0,0,1,0,1
1992,81,0,0,0,1,0,1
1992,101,0,0,0,1,0,0
1992,104,0,0,0,1,0,0
1992,105,0,0,0,1,0,0
1992,108,0,0,0,1,0,0
1992,109,0,0,0,0,0,1
1992,113,0,0,0,1,0,0
1992,120,0,0,0,0,0,1
1992,122,0,0,0,0,0,1
1993,9,0,0,0,1,0,0
1993,20,1,0,0,1,0,3
1993,23,0,0,0,1,0,1
1993,30,0,0,0,1,0,1
1993,32,0,0,0,0,0,1
1993,33,0,0,0,0,0,1
1993,34,0,0,0,0,0,1
1993,41,0,0,0,0,0,1
1993,44,0,0,0,0,0,1
1993,46,0,0,0,0,0,1
1993,47,0,0,0,1,0,2
1993,48,0,0,0,1,0,0
1993,60,0,0,0,0,0,1
1993,61,0,0,0,1,0,1
1993,66,0,0,0,0,0,1
1993,67,0,0,0,1,0,1
1993,68,1,0,0,0,0,0
1993,70,0,0,0,0,0,3
1993,71,0,0,0,1,0,0
1993,75,0,0,0,1,0,1
1993,77,0,0,0,0,0,1
1993,79,0,0,0,0,0,1
1993,81,0,0,0,0,0,1
1993,83,0,0,0,1,0,0
1993,88,0,0,0,0,0,1
1993,100,0,0,0,0,0,1
1993,104,0,0,0,0,0,7
1993,105,0,0,0,0,0,3
1993,106,0,0,0,0,0,1
1993,107,0,0,0,0,0,1
1993,109,0,0,0,1,0,0
1993,110,0,0,0,1,0,1
1993,112,0,0,0,1,0,1
1993,114,0,0,0,0,0,1
1993,115,0,0,0,0,0,4
1993,120,0,0,0,1,0,1
1994,6,1,0,0,1,0,0
1994,9,0,0,0,1,0,1
1994,10,3,0,0,0,0,1
1994,17,0,0,0,1,0,0
1994,18,1,0,0,0,0,0
1994,19,0,0,0,1,0,0
1994,20,2,0,0,0,0,2
1994,23,0,0,0,1,0,0
1994,25,0,0,0,1,0,0
1994,28,0,0,0,1,0,0
1994,30,0,0,0,0,0,1
1994,40,0,0,0,2,0,1
1994,41,0,0,0,2,0,1
1994,42,0,0,0,1,0,0
1994,44,0,0,0,1,0,0
1994,46,0,0,0,0,0,1
1994,47,0,0,0,1,0,0
1994,52,0,1,0,0,0,0
1994,60,0,0,0,1,0,1
1994,62,0,0,0,2,0,1
1994,63,0,0,0,1,0,0
1994,69,0,0,0,0,0,1
1994,70,0,0,0,1,0,0
1994,71,0,0,0,0,0,2
1994,72,0,0,0,1,0,0
1994,73,0,0,0,1,0,0
1994,77,0,0,0,0,0,3
1994,78,0,0,0,1,0,1
1994,79,0,0,0,1,0,3
1994,81,0,0,0,1,0,0
1994,83,0,0,0,0,0,4
1994,90,0,0,0,2,0,0
1994,94,0,0,0,0,0,1
1994,101,0,0,0,0,0,1
1994,102,0,0,0,2,0,0
1994,103,0,0,0,0,0,8
1994,104,0,0,0,1,0,2
1994,106,0,0,0,0,0,2
1994,107,0,0,0,1,0,0
1994,110,0,0,0,1,0,3
1994,112,0,0,0,0,0,1
1994,113,0,0,0,1,0,0
1994,115,0,0,0,2,0,3
1994,120,0,0,0,0,0,4
1994,122,0,0,0,1,0,2
1995,5,0,0,0,2,0,0
1995,6,0,0,0,0,0,1
1995,7,0,0,0,2,0,0
1995,9,1,0,0,0,0,1
1995,10,1,0,0,0,0,1
1995,14,0,0,0,0,0,1
1995,18,1,0,0,0,0,0
1995,20,1,0,0,1,0,2
1995,25,0,0,0,1,0,0
1995,26,0,0,0,1,0,0
1995,30,0,0,0,2,0,0
1995,34,0,0,0,1,0,0
1995,40,0,0,0,1,0,0
1995,41,0,0,0,2,0,0
1995,43,0,0,0,3,0,0
1995,44,0,0,0,1,0,1
1995,45,0,0,0,1,0,0
1995,46,0,0,0,1,0,0
1995,47,0,0,0,1,0,0
1995,49,0,0,0,1,0,0
1995,50,0,0,0,3,0,0
1995,60,0,0,0,1,0,0
1995,61,0,0,0,0,0,3
1995,62,0,0,0,2,0,0
1995,63,0,0,0,1,0,0
1995,66,0,0,0,2,0,1
1995,67,0,0,0,2,0,4
1995,68,0,0,0,1,0,0
1995,69,0,0,0,0,0,1
1995,70,0,0,0,1,0,0
1995,71,0,0,0,1,0,0
1995,72,0,0,0,1,0,1
1995,73,0,0,0,1,0,0
1995,75,0,0,0,1,0,3
1995,76,0,0,0,1,0,1
1995,77,0,0,0,0,0,1
1995,79,0,0,0,0,0,1
1995,83,0,0,0,0,0,3
1995,90,0,0,0,2,0,0
1995,94,0,0,0,0,0,1
1995,100,0,0,0,1,0,2
1995,102,0,0,0,2,0,1
1995,103,0,0,0,0,0,1
1995,104,0,0,0,0,0,1
1995,105,0,0,0,0,0,1
1995,106,1,0,0,0,0,0
1995,107,0,0,0,0,0,1
1995,109,0,0,0,2,0,4
1995,110,1,0,0,1,0,1
1995,111,0,0,0,2,0,0
1995,112,0,0,0,0,0,1
1995,113,0,0,0,0,0,3
1995,114,0,0,0,0,0,3
1995,115,0,0,0,1,0,0
1995,122,0,0,0,1,0,0
1996,6,0,0,0,1,0,0
1996,7,0,0,0,0,0,3
1996,9,0,0,0,0,0,1
1996,13,0,0,0,1,0,0
1996,14,0,0,0,1,0,0
1996,17,0,0,0,1,0,0
1996,19,0,0,0,2,0,0
1996,20,1,0,0,1,0,0
1996,23,1,0,0,0,0,2
1996,24,0,0,0,0,0,1
1996,25,3,0,0,0,0,1
1996,28,0,0,0,0,0,1
1996,30,0,0,0,1,0,0
1996,32,0,0,0,1,0,0
1996,33,0,0,0,0,0,4
1996,34,0,0,0,2,0,0
1996,40,0,0,0,1,0,0
1996,41,0,0,0,2,0,4
1996,42,1,0,0,1,0,0
1996,43,0,0,0,6,0,0
1996,44,0,0,0,0,0,1
1996,45,1,0,0,2,0,1
1996,46,0,0,0,1,0,2
1996,47,0,0,0,3,0,0
1996,48,0,0,0,0,0,2
1996,49,0,0,0,3,0,1
1996,50,0,0,0,1,0,0
1996,52,0,0,0,0,0,1
1996,60,0,0,0,2,0,0
1996,67,0,0,0,0,0,1
1996,68,0,1,0,0,0,1
1996,69,0,0,0,2,0,2
1996,70,0,0,0,2,0,0
1996,71,0,0,0,6,0,2
1996,72,0,0,0,0,0,1
1996,73,0,0,0,2,0,2
1996,75,0,0,0,3,0,3
1996,76,0,0,0,1,0,0
1996,77,0,0,0,3,0,1
1996,79,0,0,0,0,0,3
1996,81,0,0,0,2,0,2
1996,83,0,0,0,1,0,0
1996,90,0,0,0,2,0,0
1996,100,0,0,0,1,0,0
1996,101,0,0,0,0,0,3
1996,103,0,0,0,1,0,1
1996,104,0,0,0,1,0,4
1996,105,0,0,0,1,0,1
1996,106,0,0,0,1,0,0
1996,107,0,0,0,1,0,1
1996,108,1,0,0,3,0,0
1996,109,0,0,0,1,0,0
1996,110,0,0,0,1,0,1
1996,111,0,0,0,2,0,0
1996,112,0,0,0,0,0,1
1996,113,0,0,0,0,0,5
1996,114,0,0,0,0,0,1
1996,115,0,0,0,2,0,1
1996,120,0,0,1,1,0,1
1996,122,0,0,0,1,0,0
1996,123,0,0,0,1,0,1
1997,1,0,0,0,1,0,0
1997,9,0,0,0,0,0,4
1997,14,1,0,0,0,0,0
1997,19,0,0,0,2,0,0
1997,20,0,0,0,1,0,0
1997,24,0,0,0,0,0,1
1997,25,0,0,0,0,0,1
1997,28,0,0,0,0,0,1
1997,30,0,0,0,0,0,1
1997,32,0,0,0,2,0,0
1997,33,0,0,0,1,0,1
1997,34,0,0,0,3,0,1
1997,40,0,0,0,1,0,1
1997,41,0,0,0,3,0,1
1997,42,0,0,0,2,0,1
1997,43,0,0,0,1,0,1
1997,44,0,0,0,1,0,4
1997,45,0,0,0,0,0,2
1997,46,0,0,0,3,0,1
1997,47,1,0,0,0,0,1
1997,48,0,0,0,0,0,1
1997,49,0,0,0,1,0,0
1997,52,0,0,0,2,0,0
1997,60,0,0,0,1,0,1
1997,61,0,0,0,1,0,0
1997,62,0,0,0,4,0,2
1997,63,1,0,0,2,0,0
1997,66,0,0,0,1,0,1
1997,67,0,0,0,3,0,1
1997,68,0,0,0,0,0,2
1997,69,0,0,0,0,0,1
1997,70,0,0,0,2,0,1
1997,72,0,0,0,2,0,0
1997,73,0,0,0,3,0,5
1997,75,0,0,0,5,0,2
1997,76,0,0,0,1,0,0
1997,77,0,0,0,1,0,2
1997,79,0,0,0,1,0,0
1997,81,0,0,0,2,0,0
1997,83,0,0,0,4,0,4
1997,88,0,0,0,0,0,1
1997,90,0,0,0,0,0,2
1997,94,0,0,0,1,0,0
1997,100,0,0,0,0,0,1
1997,101,0,0,0,1,0,0
1997,102,0,0,0,0,0,2
1997,104,0,0,0,1,0,3
1997,105,0,0,0,2,0,1
1997,107,0,0,0,2,0,0
1997,109,0,0,0,4,0,0
1997,110,0,0,0,2,0,1
1997,111,0,0,0,0,0,1
1997,112,0,0,0,1,0,1
1997,113,1,0,0,0,0,2
1997,114,0,0,0,2,0,0
1997,115,0,0,0,3,0,3
1997,120,2,0,0,2,0,1
1997,122,0,0,0,1,0,1
1998,1,0,0,0,2,0,0
1998,5,0,0,0,0,0,1
1998,6,3,0,0,0,0,1
1998,7,0,0,0,2,0,2
1998,10,0,0,0,1,0,0
1998,13,0,0,0,0,0,1
1998,14,1,0,0,1,0,0
1998,17,2,0,0,1,0,0
1998,18,0,0,0,0,0,4
1998,19,0,0,0,1,0,0
1998,20,3,0,0,1,0,2
1998,23,0,0,0,2,0,2
1998,24,0,0,0,0,0,1
1998,25,0,0,0,2,0,1
1998,28,0,0,0,0,0,2
1998,30,0,0,0,1,0,0
1998,32,1,0,0,1,0,2
1998,33,1,0,0,0,0,2
1998,34,0,0,0,2,0,1
1998,40,0,0,0,6,0,3
1998,41,0,0,0,2,0,3
1998,42,0,0,0,2,0,3
1998,43,0,0,0,6,0,2
1998,44,0,0,0,6,0,5
1998,45,0,0,0,3,0,0
1998,46,0,0,0,2,0,1
1998,47,0,0,0,2,0,1
1998,48,0,0,0,0,0,1
1998,49,1,0,0,6,0,0
1998,50,0,0,1,0,0,0
1998,52,0,0,0,1,0,0
1998,60,0,0,0,3,0,1
1998,61,0,0,0,3,0,3
1998,62,1,0,0,0,0,0
1998,63,0,0,0,1,0,8
1998,66,0,0,0,1,0,4
1998,67,0,0,0,8,0,3
1998,68,1,0,0,0,0,0
1998,69,0,0,0,1,0,2
1998,70,1,0,0,3,0,2
1998,71,0,0,0,1,0,1
1998,72,0,0,0,2,0,2
1998,73,0,0,0,3,0,5
1998,75,0,0,0,9,0,8
1998,76,0,0,0,3,0,0
1998,77,0,0,0,0,0,1
1998,79,0,0,0,2,0,3
1998,81,0,0,0,1,0,2
1998,83,0,0,0,2,0,5
1998,88,1,0,0,1,0,1
1998,90,0,0,0,4,0,0
1998,94,0,0,0,0,0,1
1998,101,0,0,0,0,0,2
1998,102,0,0,0,0,0,3
1998,103,0,0,0,0,0,2
1998,105,0,0,0,1,0,4
1998,106,0,0,0,1,0,2
1998,107,0,0,0,1,0,1
1998,108,0,0,0,3,0,0
1998,109,0,0,0,2,0,0
1998,110,1,0,0,3,0,2
1998,111,2,0,0,1,0,2
1998,112,0,0,0,1,0,0
1998,113,0,0,0,2,0,2
1998,114,0,0,0,3,0,1
1998,115,0,0,0,3,0,6
1998,120,1,0,0,5,0,2
1998,121,0,0,0,4,0,0
1998,123,0,0,0,1,0,0
1999,1,1,0,0,2,0,0
1999,5,1,0,0,1,0,0
1999,6,0,0,0,1,0,0
1999,7,0,0,0,2,0,0
1999,9,0,0,0,3,0,2
1999,10,0,0,0,1,0,0
1999,13,0,0,0,2,0,0
1999,14,1,0,0,1,0,1
1999,17,0,0,0,1,0,0
1999,18,0,0,0,1,0,1
1999,19,1,0,0,4,0,1
1999,20,2,0,0,1,0,0
1999,23,0,0,0,4,0,3
1999,24,1,0,0,1,0,3
1999,25,0,0,0,1,0,2
1999,26,0,0,0,0,0,4
1999,28,0,0,0,1,0,1
1999,30,0,0,0,2,0,4
1999,32,0,0,0,2,0,3
1999,33,0,0,0,1,0,2
1999,34,0,0,0,4,0,2
1999,40,1,0,0,5,0,4
1999,41,0,0,0,3,0,2
1999,42,0,0,0,1,0,1
1999,43,0,0,0,10,0,0
1999,44,0,0,0,4,0,5
1999,45,1,0,0,2,0,1
1999,46,0,0,0,5,0,2
1999,47,0,0,0,4,0,3
1999,48,0,0,0,2,0,2
1999,49,0,0,0,3,0,6
1999,50,0,0,0,4,0,0
1999,52,0,0,0,1,0,3
1999,60,0,0,0,4,0,1
1999,61,0,0,0,5,0,0
1999,62,0,0,0,2,0,2
1999,63,0,0,0,4,0,1
1999,66,1,0,0,5,0,3
1999,67,0,0,0,3,0,2
1999,68,0,0,0,1,0,0
1999,69,0,0,0,4,0,0
1999,70,0,0,0,7,0,3
1999,71,0,0,0,4,0,0
1999,72,0,0,0,0,0,3
1999,73,0,0,0,5,0,2
1999,75,0,0,0,6,0,7
1999,76,0,0,0,4,0,2
1999,77,0,0,0,4,0,1
1999,78,0,0,0,0,0,1
1999,79,0,0,0,2,0,4
1999,81,0,0,0,4,0,1
1999,83,0,0,0,2,0,8
1999,84,0,0,0,1,0,0
1999,88,0,0,0,1,0,1
1999,90,0,0,0,4,0,3
1999,94,0,0,0,2,0,0
1999,100,0,0,0,1,0,0
1999,101,0,0,0,2,0,3
1999,102,0,0,0,1,0,4
1999,103,0,0,0,2,0,3
1999,104,1,0,0,2,0,3
1999,105,0,0,0,2,0,2
1999,106,0,0,0,4,0,4
1999,107,1,0,0,4,0,2
1999,108,0,0,0,1,0,2
1999,109,0,0,0,3,0,0
1999,110,0,0,0,5,0,2
1999,111,0,0,0,1,0,1
1999,112,0,0,0,3,0,3
1999,113,0,0,0,4,0,1
1999,114,1,0,0,6,0,4
1999,115,0,0,0,10,0,8
1999,120,0,0,0,4,0,8
1999,122,0,0,0,3,0,1
2000,1,2,0,0,6,0,0
2000,5,1,0,1,2,0,1
2000,6,1,0,0,4,0,0
2000,7,2,1,0,6,0,2
2000,9,1,0,0,9,0,4
2000,10,1,0,0,3,0,2
2000,13,0,0,0,3,0,1
2000,14,2,0,0,5,0,0
2000,17,0,0,0,2,0,1
2000,18,1,0,0,3,0,0
2000,19,2,0,0,12,0,0
2000,20,1,1,0,8,0,1
2000,23,2,0,1,5,0,3
2000,24,0,0,0,6,0,0
2000,25,0,0,0,3,0,3
2000,26,0,0,0,2,0,1
2000,28,0,1,0,2,0,4
2000,30,1,0,1,3,1,3
2000,32,2,1,0,3,0,4
2000,33,5,0,0,2,0,1
2000,34,4,1,0,6,0,3
2000,40,0,0,0,10,0,8
2000,41,2,0,0,13,0,2
2000,42,1,1,0,12,0,2
2000,43,4,3,0,16,0,8
2000,44,5,0,0,4,0,9
2000,45,3,1,0,7,0,2
2000,46,1,1,0,9,0,5
2000,47,4,0,0,9,0,6
2000,48,2,1,0,5,0,3
2000,49,5,0,0,14,0,3
2000,50,2,0,0,7,0,3
2000,52,1,0,0,5,0,9
2000,60,2,0,1,8,0,2
2000,61,1,0,0,16,0,2
2000,62,4,0,0,12,0,2
2000,63,2,0,0,9,0,1
2000,66,1,0,1,7,0,4
2000,67,1,0,0,10,0,4
2000,68,2,0,0,8,0,3
2000,69,3,0,0,2,1,3
2000,70,4,1,1,17,0,5
2000,71,0,0,0,6,0,2
2000,72,2,1,0,6,0,4
2000,73,4,0,0,6,0,6
2000,75,1,1,0,15,0,7
2000,76,1,0,1,4,0,0
2000,77,1,2,0,3,0,6
2000,78,1,0,0,1,0,1
2000,79,3,0,0,4,0,2
2000,81,0,1,0,7,0,2
2000,83,2,0,0,8,0,15
2000,84,0,0,1,1,0,0
2000,88,2,0,0,4,0,2
2000,90,2,0,0,9,0,1
2000,94,0,0,0,2,0,1
2000,100,0,0,0,3,0,3
2000,101,6,0,0,1,0,2
2000,102,0,0,0,7,1,2
2000,103,0,0,0,6,0,4
2000,104,1,0,0,7,0,6
2000,105,8,0,0,3,0,7
2000,106,5,0,1,8,0,5
2000,107,7,0,1,7,0,0
2000,108,0,1,1,8,0,2
2000,109,3,0,0,9,0,4
2000,110,1,0,1,12,0,3
2000,111,4,0,0,4,0,1
2000,112,1,0,0,6,0,1
2000,113,4,0,0,6,0,5
2000,114,1,1,0,14,0,6
2000,115,2,0,0,11,0,5
2000,120,3,0,0,15,0,8
2000,122,3,2,0,3,0,4
2000,123,2,0,0,2,0,2
2001,1,2,0,0,11,0,1
2001,5,0,0,0,3,0,1
2001,6,1,0,0,2,0,0
2001,7,2,1,0,5,0,0
2001,9,2,2,0,7,0,0
2001,10,1,0,0,4,0,1
2001,13,1,0,0,8,1,1
2001,14,4,0,0,11,0,0
2001,17,2,0,0,8,0,0
2001,18,0,0,0,6,0,0
2001,19,0,0,0,15,0,5
2001,20,4,0,0,10,0,3
2001,23,3,0,2,11,0,7
2001,24,1,0,0,2,0,3
2001,25,0,0,0,5,0,9
2001,26,1,0,0,3,0,1
2001,28,2,0,0,6,0,0
2001,30,0,0,0,2,1,7
2001,32,0,0,0,10,0,3
2001,33,2,1,0,4,0,5
2001,34,0,1,0,8,0,8
2001,40,4,1,0,9,0,8
2001,41,0,0,0,12,0,4
2001,42,2,1,1,15,0,9
2001,43,2,1,0,19,0,10
2001,44,6,0,1,8,0,6
2001,45,1,0,0,8,0,4
2001,46,1,1,2,14,0,7
2001,47,1,0,1,19,0,3
2001,48,0,0,0,12,0,3
2001,49,1,0,0,15,1,2
2001,50,0,0,0,8,1,1
2001,52,2,3,1,10,0,2
2001,60,4,0,0,11,0,0
2001,61,0,0,0,6,0,4
2001,62,3,0,2,12,0,2
2001,63,1,0,0,7,0,4
2001,66,0,0,0,4,0,5
2001,67,1,0,0,17,0,10
2001,68,1,0,0,5,0,2
2001,69,0,0,0,8,0,2
2001,70,1,0,0,14,0,9
2001,71,1,0,0,6,0,0
2001,72,1,1,0,4,0,5
2001,73,3,2,1,18,0,11
2001,75,2,0,0,15,0,15
2001,76,0,1,0,3,0,2
2001,77,3,0,1,8,0,10
2001,78,1,0,0,6,0,0
2001,79,1,0,0,13,0,8
2001,81,0,2,0,11,0,3
2001,83,3,0,0,8,0,7
2001,84,0,0,2,4,0,4
2001,88,1,0,2,10,0,2
2001,90,6,0,0,23,0,7
2001,94,2,0,0,2,0,0
2001,100,2,0,0,5,0,1
2001,101,0,0,1,1,0,2
2001,102,1,0,0,8,0,3
2001,103,0,0,0,4,0,5
2001,104,0,0,0,4,0,2
2001,105,5,0,0,11,0,2
2001,106,3,0,1,2,0,7
2001,107,2,0,0,5,0,2
2001,108,0,0,0,11,0,3
2001,109,1,0,0,7,0,2
2001,110,1,0,1,11,0,7
2001,111,1,1,0,5,0,1
2001,112,2,0,0,5,0,0
2001,113,1,0,0,5,0,2
2001,114,1,0,0,10,0,4
2001,115,4,0,2,21,0,7
2001,120,5,0,0,17,0,9
2001,121,1,0,0,3,0,2
2001,122,5,0,0,11,0,2
2001,123,0,0,0,4,0,1
2002,1,0,1,0,9,0,1
2002,5,0,0,0,10,0,0
2002,6,1,0,0,3,0,4
2002,7,1,0,0,4,0,2
2002,9,0,0,0,5,0,4
2002,10,2,0,0,6,0,3
2002,13,0,0,0,4,0,0
2002,14,0,0,0,5,0,2
2002,17,3,0,0,3,0,1
2002,18,0,0,0,5,0,3
2002,19,2,0,0,14,0,2
2002,20,3,0,0,11,0,3
2002,23,0,0,0,4,0,3
2002,24,1,0,0,4,0,3
2002,25,1,0,0,10,0,2
2002,26,1,0,0,0,0,0
2002,28,0,0,0,2,0,1
2002,30,0,0,0,5,0,2
2002,32,0,0,0,8,0,7
2002,33,2,0,1,8,0,2
2002,34,0,0,0,14,0,7
2002,40,2,1,0,15,0,7
2002,41,0,0,0,11,0,8
2002,42,0,0,0,9,0,6
2002,43,2,0,0,22,0,3
2002,44,0,0,0,11,0,11
2002,45,0,0,0,11,0,2
2002,46,0,0,0,17,0,7
2002,47,1,0,0,9,0,3
2002,48,0,0,0,7,0,6
2002,49,0,0,0,20,1,4
2002,50,1,0,0,13,0,3
2002,52,1,0,0,6,0,8
2002,60,2,0,0,15,0,3
2002,61,2,0,0,14,0,5
2002,62,1,0,0,11,0,0
2002,63,3,0,0,13,0,1
2002,66,1,0,0,6,0,8
2002,67,1,0,3,19,0,4
2002,68,0,0,0,8,0,1
2002,69,1,0,0,7,0,7
2002,70,2,0,0,28,0,8
2002,71,1,0,0,14,0,3
2002,72,0,0,0,8,0,9
2002,73,2,0,0,11,0,10
2002,75,0,0,0,29,0,17
2002,76,1,0,0,4,0,2
2002,77,0,0,0,12,0,7
2002,78,0,0,0,3,0,1
2002,79,0,0,0,9,0,5
2002,81,0,0,0,19,0,2
2002,83,2,0,0,17,0,8
2002,84,0,1,0,6,0,0
2002,88,0,0,0,8,0,2
2002,90,1,0,0,16,0,10
2002,94,0,0,0,4,0,3
2002,100,0,0,0,4,0,5
2002,101,1,0,0,6,0,4
2002,102,0,0,0,12,0,7
2002,103,0,0,0,11,0,6
2002,104,0,0,0,9,0,4
2002,105,2,0,0,14,0,3
2002,106,1,0,0,9,0,3
2002,107,3,0,0,6,0,3
2002,108,2,0,0,8,0,2
2002,109,1,0,0,14,0,1
2002,110,0,0,0,15,0,7
2002,111,0,0,0,4,0,3
2002,112,1,0,0,8,0,3
2002,113,0,0,0,7,0,5
2002,114,2,0,0,10,0,2
2002,115,0,0,0,18,0,5
2002,120,0,0,0,15,0,9
2002,121,0,0,0,1,0,0
2002,122,0,0,0,9,0,3
2002,123,0,0,0,5,0,3
2003,1,1,0,0,9,0,0
2003,5,4,1,0,4,0,3
2003,6,5,0,0,7,0,1
2003,7,1,0,0,7,1,3
2003,9,0,0,1,13,0,2
2003,10,3,0,0,6,0,1
2003,13,4,0,0,8,0,0
2003,14,4,0,1,6,0,1
2003,17,2,0,0,7,0,2
2003,18,2,0,1,8,0,2
2003,19,6,0,0,19,0,0
2003,20,3,0,0,13,0,3
2003,22,0,0,0,0,0,1
2003,23,2,0,1,11,0,7
2003,24,0,0,0,6,0,5
2003,25,3,0,0,8,0,7
2003,26,1,0,0,6,0,2
2003,28,3,1,1,5,0,4
2003,30,0,1,0,6,0,5
2003,32,6,0,0,17,0,4
2003,33,0,0,0,6,0,6
2003,34,0,1,0,16,0,6
2003,40,3,0,1,19,1,8
2003,41,1,0,0,17,0,4
2003,42,1,0,0,12,0,11
2003,43,2,0,0,21,0,8
2003,44,4,0,0,11,0,8
2003,45,1,0,0,16,0,3
2003,46,5,1,1,27,0,16
2003,47,1,0,0,23,0,7
2003,48,0,0,1,14,0,5
2003,49,7,0,0,25,0,2
2003,50,1,0,0,9,0,4
2003,52,2,1,0,13,0,7
2003,60,3,0,0,13,0,3
2003,61,1,0,0,27,0,3
2003,62,10,0,0,14,0,5
2003,63,2,0,0,22,0,3
2003,66,4,0,0,13,0,7
2003,67,2,0,0,34,0,14
2003,68,2,0,0,6,0,1
2003,69,1,0,0,13,0,6
2003,70,3,0,1,34,0,12
2003,71,1,0,0,17,0,6
2003,72,1,0,0,16,0,5
2003,73,3,1,0,18,0,8
2003,75,2,2,1,27,0,22
2003,76,0,0,0,5,0,3
2003,77,1,1,0,15,0,7
2003,78,0,0,1,14,0,2
2003,79,0,0,0,10,0,6
2003,81,2,0,0,8,0,5
2003,83,4,0,0,26,0,13
2003,84,1,0,2,5,0,2
2003,88,0,0,0,13,0,3
2003,90,3,0,0,12,0,6
2003,94,2,0,0,8,0,1
2003,100,0,0,1,8,0,1
2003,101,0,0,0,4,0,4
2003,102,2,0,0,18,0,5
2003,103,3,0,0,13,0,8
2003,104,2,0,0,11,0,10
2003,105,3,0,1,20,0,9
2003,106,2,0,0,16,0,4
2003,107,1,0,0,5,0,5
2003,108,5,0,0,14,0,4
2003,109,1,0,0,16,0,4
2003,110,1,0,0,11,0,6
2003,111,6,0,0,11,0,5
2003,112,1,0,0,8,0,3
2003,113,2,0,0,14,0,6
2003,114,2,0,0,15,0,7
2003,115,2,0,0,21,0,4
2003,120,6,0,1,25,0,18
2003,121,0,0,0,0,0,1
2003,122,1,0,0,12,0,4
2003,123,1,0,0,5,0,2
2004,1,6,0,0,19,0,5
2004,5,1,0,0,6,0,2
2004,6,6,1,0,9,0,3
2004,7,1,0,0,8,0,4
2004,9,1,0,1,7,0,3
2004,10,5,0,0,8,0,3
2004,13,9,0,0,17,0,1
2004,14,1,1,0,18,0,2
2004,17,3,1,0,13,0,1
2004,18,7,0,0,19,0,2
2004,19,6,0,0,33,0,3
2004,20,1,0,1,22,0,9
2004,22,0,0,0,1,0,0
2004,23,3,0,0,10,0,7
2004,24,9,0,0,17,0,2
2004,25,3,1,0,16,0,9
2004,26,4,0,0,6,0,3
2004,28,2,0,0,10,0,6
2004,30,2,0,0,6,1,5
2004,32,3,1,2,10,0,10
2004,33,3,0,1,11,0,11
2004,34,3,0,1,16,0,5
2004,40,2,0,1,17,0,11
2004,41,3,0,1,21,0,10
2004,42,3,0,1,13,0,10
2004,43,7,1,0,28,0,21
2004,44,5,0,0,20,0,13
2004,45,2,0,0,16,0,3
2004,46,6,0,0,28,0,17
2004,47,5,1,0,14,0,8
2004,48,3,1,0,23,0,16
2004,49,5,0,0,25,0,5
2004,50,3,0,0,13,0,2
2004,52,3,0,0,28,0,5
2004,60,2,1,0,20,0,3
2004,61,1,0,0,26,0,5
2004,62,5,0,0,18,0,6
2004,63,4,0,0,25,0,5
2004,66,5,0,0,17,0,8
2004,67,3,0,1,29,0,14
2004,68,3,0,1,13,0,3
2004,69,3,0,0,16,0,3
2004,70,7,1,0,34,1,15
2004,71,4,0,0,17,0,3
2004,72,2,0,0,21,0,5
2004,73,4,1,0,24,0,16
2004,75,5,0,0,45,0,24
2004,76,2,0,0,4,0,3
2004,77,1,0,0,25,0,9
2004,78,1,0,0,9,0,2
2004,79,0,0,0,11,0,8
2004,81,2,1,0,20,0,1
2004,83,5,1,1,18,0,19
2004,84,2,0,0,12,0,3
2004,88,0,0,0,10,0,2
2004,90,1,1,0,25,0,4
2004,94,1,0,0,7,0,3
2004,100,1,0,0,8,0,6
2004,101,2,0,0,6,0,7
2004,102,2,0,1,17,0,7
2004,103,2,0,1,20,0,7
2004,104,3,0,0,20,0,9
2004,105,7,0,0,19,0,8
2004,106,5,0,0,17,0,9
2004,107,2,0,0,13,0,5
2004,108,6,0,0,16,0,9
2004,109,2,0,1,19,0,8
2004,110,1,0,0,27,0,12
2004,111,2,0,2,13,0,2
2004,112,2,0,0,9,0,2
2004,113,1,0,0,23,0,8
2004,114,4,0,0,17,0,8
2004,115,2,0,0,41,0,13
2004,120,8,0,0,42,0,19
2004,121,1,0,0,0,0,6
2004,122,7,0,0,30,0,1
2004,123,3,0,0,6,0,2
2005,1,42,0,1,95,0,11
2005,5,22,0,5,40,0,5
2005,6,25,2,0,70,0,3
2005,7,19,0,0,34,0,11
2005,9,18,2,1,69,0,20
2005,10,25,0,2,74,0,13
2005,13,39,1,1,99,0,13
2005,14,26,2,2,164,1,11
2005,17,37,1,4,78,1,6
2005,18,42,0,1,155,2,13
2005,19,51,0,3,208,0,17
2005,20,30,0,0,75,0,12
2005,22,1,0,0,2,0,1
2005,23,27,2,4,44,0,30
2005,24,32,1,1,63,0,15
2005,25,24,0,3,50,0,18
2005,26,21,0,1,42,0,6
2005,28,20,1,2,27,0,8
2005,30,14,2,2,39,0,19
2005,32,40,1,3,51,2,28
2005,33,24,1,3,41,0,29
2005,34,27,1,4,60,0,19
2005,40,49,3,1,71,1,30
2005,41,20,1,11,63,0,36
2005,42,21,1,0,56,0,30
2005,43,54,3,4,141,0,40
2005,44,74,3,3,83,1,29
2005,45,43,0,5,75,0,5
2005,46,27,2,3,96,0,38
2005,47,41,2,5,90,0,29
2005,48,30,4,8,66,0,29
2005,49,49,0,3,102,0,18
2005,50,34,0,0,83,0,17
2005,52,74,2,2,110,1,30
2005,60,34,2,1,79,0,20
2005,61,49,0,6,113,3,21
2005,62,64,0,6,105,0,25
2005,63,35,0,8,113,0,19
2005,66,27,1,2,71,0,22
2005,67,49,1,11,160,1,39
2005,68,37,1,1,60,0,13
2005,69,24,0,0,59,0,11
2005,70,39,4,2,137,0,34
2005,71,33,2,1,102,0,21
2005,72,32,0,6,67,0,19
2005,73,33,0,2,73,0,49
2005,75,53,4,4,157,0,60
2005,76,13,1,1,37,0,9
2005,77,20,1,2,72,0,27
2005,78,10,2,3,60,0,5
2005,79,33,1,3,67,0,32
2005,81,24,0,2,65,0,20
2005,83,38,3,4,63,0,40
2005,84,18,1,3,72,0,4
2005,88,25,2,1,63,0,12
2005,90,23,1,2,106,0,13
2005,94,17,1,0,47,0,3
2005,100,9,0,2,25,0,13
2005,101,18,0,1,47,0,20
2005,102,24,0,1,90,0,30
2005,103,38,1,6,62,0,23
2005,104,40,0,2,88,0,21
2005,105,81,1,1,118,0,34
2005,106,45,3,2,66,0,19
2005,107,21,0,2,70,0,12
2005,108,36,0,1,95,0,16
2005,109,43,2,2,117,1,18
2005,110,33,2,4,95,0,20
2005,111,23,0,3,56,0,3
2005,112,30,0,1,53,0,4
2005,113,27,2,5,126,1,37
2005,114,45,2,5,128,0,26
2005,115,49,1,9,120,0,30
2005,120,54,2,3,136,0,52
2005,121,0,0,0,0,0,8
2005,122,77,0,5,136,0,12
2005,123,30,0,3,44,0,4
2006,1,1320,67,115,4082,51,592
2006,5,956,88,180,2255,32,608
2006,6,1042,517,80,3189,41,696
2006,7,1159,354,113,1326,29,807
2006,9,1585,410,187,3004,56,1085
2006,10,1123,419,94,2326,40,926
2006,13,1729,141,162,4502,65,1140
2006,14,1622,576,306,8863,83,1545
2006,17,871,112,99,2114,60,468
2006,18,1513,316,132,4711,84,1035
2006,19,1895,188,159,4995,78,887
2006,20,1031,200,73,2282,42,622
2006,22,49,78,7,132,2,57
2006,23,2575,673,317,1321,102,1613
2006,24,1802,394,141,2252,21,907
2006,25,2026,549,175,1409,57,1358
2006,26,1118,374,127,1366,122,755
2006,28,1573,744,271,1487,87,1241
2006,30,1459,715,142,1151,416,1221
2006,32,2199,982,296,1536,44,2041
2006,33,1592,721,187,1382,83,1218
2006,34,1800,247,117,1658,47,1381
2006,40,3821,1887,475,2710,427,2831
2006,41,2001,306,591,1587,57,1405
2006,42,2782,1189,227,2078,74,2120
2006,43,4077,2510,491,3344,121,3347
2006,44,3700,2255,384,3167,176,3259
2006,45,2585,317,151,2415,196,1097
2006,46,3697,1828,279,2671,79,3219
2006,47,2930,1098,269,2161,71,2058
2006,48,2412,553,173,2134,95,2045
2006,49,2626,198,156,2516,83,1237
2006,50,1742,202,76,1655,44,828
2006,52,3272,1003,313,2926,93,2281
2006,60,2202,575,191,2105,54,1718
2006,61,2630,320,264,2941,67,1241
2006,62,2626,177,194,2915,77,1321
2006,63,2166,191,150,2572,33,978
2006,66,1749,157,134,2140,54,1088
2006,67,2958,673,396,2896,61,2796
2006,68,1973,195,149,2153,62,817
2006,69,1859,376,203,1648,56,1279
2006,70,2585,649,275,3253,66,2444
2006,71,2139,701,228,2163,77,2000
2006,72,1899,571,158,1962,49,1320
2006,73,2777,1233,390,2235,71,2960
2006,75,3977,1984,672,3896,156,4240
2006,76,998,401,90,1087,89,584
2006,77,2044,1396,265,1961,69,1748
2006,78,842,166,75,1696,33,615
2006,79,2704,617,420,2117,45,2403
2006,81,1862,514,227,1524,55,1778
2006,83,2183,283,303,2128,91,2416
2006,84,1335,221,195,2308,37,925
2006,88,1285,474,140,2113,33,850
2006,90,1791,472,222,2587,75,1422
2006,94,966,235,76,1268,31,563
2006,100,1073,121,121,629,11,525
2006,101,1852,202,174,829,19,1062
2006,102,2080,314,242,2373,74,1520
2006,103,2410,440,296,2521,76,2088
2006,104,2743,300,215,2909,81,1358
2006,105,2804,189,296,2706,90,1844
2006,106,2534,259,169,2146,67,1418
2006,107,2213,161,140,2674,74,1161
2006,108,1687,312,99,2454,78,998
2006,109,2476,227,223,3857,72,1448
2006,110,1813,140,98,3246,74,1697
2006,111,1331,161,115,1800,44,535
2006,112,1126,134,85,2117,47,615
2006,113,2592,179,260,3056,83,1938
2006,114,3001,268,230,3848,76,2115
2006,115,2216,512,263,2816,120,2066
2006,120,5477,869,489,3031,48,2584
2006,121,0,0,0,3,0,3
2006,122,4908,688,302,3243,68,1143
2006,123,2119,212,87,1194,19,394
2007,1,1464,270,162,4088,64,657
2007,5,996,126,229,2302,39,695
2007,6,1054,675,147,3251,31,737
2007,7,1275,558,207,1270,25,1029
2007,9,1562,425,213,2943,25,1143
2007,10,1071,381,122,2015,35,931
2007,13,1756,226,184,4541,75,1267
2007,14,1572,535,414,8668,69,1587
2007,17,815,184,111,1937,55,509
2007,18,1711,340,191,4578,65,962
2007,19,1653,339,178,4638,75,863
2007,20,1037,218,94,2224,39,600
2007,22,50,111,16,135,5,68
2007,23,2693,911,412,1313,69,1621
2007,24,1942,543,194,2165,29,870
2007,25,2171,809,285,1793,66,1485
2007,26,1209,295,168,1206,113,741
2007,28,1601,810,297,1393,82,1100
2007,30,1292,1023,216,932,502,1316
2007,32,2432,1120,493,1353,48,1906
2007,33,1561,742,280,1341,84,1173
2007,34,1740,485,213,1711,68,1429
2007,40,3955,1828,565,2772,166,2700
2007,41,2216,464,889,1776,59,1569
2007,42,2737,1013,293,2150,111,2205
2007,43,4093,3742,526,3442,121,3406
2007,44,3283,2851,473,2795,142,2958
2007,45,2504,377,211,2268,162,1096
2007,46,3920,2479,410,2490,83,3416
2007,47,2879,1600,374,2073,79,2018
2007,48,2725,1138,411,2244,92,2519
2007,49,2883,258,218,2393,76,1304
2007,50,1979,309,117,1755,55,809
2007,52,3296,1143,396,3041,103,2434
2007,60,2051,575,252,2141,60,1535
2007,61,2514,381,299,2849,67,1352
2007,62,2500,248,234,2496,69,1291
2007,63,1963,210,203,2438,36,972
2007,66,1690,170,152,2046,55,995
2007,67,2396,816,413,2805,87,2540
2007,68,2024,219,181,2041,64,771
2007,69,1690,445,207,1405,26,1194
2007,70,2428,563,356,2927,64,2340
2007,71,2232,566,250,2225,54,1974
2007,72,1572,540,183,1776,56,1412
2007,73,2637,1670,602,1971,77,3042
2007,75,4060,2296,846,3889,150,4353
2007,76,1003,426,105,948,33,562
2007,77,2173,1610,349,2025,54,2002
2007,78,946,150,94,1526,24,598
2007,79,2427,955,458,2413,69,2447
2007,81,2008,516,297,1658,40,1771
2007,83,2162,377,380,1886,67,2178
2007,84,1381,309,242,2421,65,922
2007,88,1335,453,177,2126,42,843
2007,90,1785,436,184,2301,63,1406
2007,94,957,203,92,1223,32,575
2007,100,1026,149,157,555,9,556
2007,101,1930,215,181,840,10,1057
2007,102,2434,264,245,2235,67,1578
2007,103,2162,473,395,2499,70,1945
2007,104,2695,205,250,2590,87,1325
2007,105,2820,162,316,2535,110,1746
2007,106,2762,271,295,2187,55,1413
2007,107,2289,113,168,2338,61,1042
2007,108,1851,262,199,2286,63,1011
2007,109,2744,232,218,3881,77,1342
2007,110,1820,172,196,3191,53,1685
2007,111,1477,121,87,1696,42,455
2007,112,1275,129,85,2054,53,517
2007,113,2587,198,447,3164,119,2214
2007,114,3034,387,416,4008,51,1994
2007,115,2299,747,296,2901,160,1949
2007,120,4935,1131,624,2855,59,2339
2007,121,0,0,0,3,0,4
2007,122,4893,564,376,3080,58,1243
2007,123,1980,214,116,1047,37,415
2008,1,1428,212,175,4052,44,610
2008,5,966,116,226,2478,45,715
2008,6,1030,500,128,3208,23,625
2008,7,1437,486,210,1429,35,851
2008,9,1695,485,206,3244,36,1082
2008,10,1125,483,161,2073,48,966
2008,13,1686,191,183,4499,62,1201
2008,14,1434,308,398,8279,74,1544
2008,17,778,134,89,2031,50,517
2008,18,1610,260,199,4665,71,1059
2008,19,1338,367,174,4213,90,769
2008,20,1059,178,108,2257,47,600
2008,22,70,133,16,156,2,62
2008,23,2588,962,439,1279,42,1689
2008,24,1908,422,199,2232,30,883
2008,25,1931,730,313,1877,65,1597
2008,26,1073,310,182,1232,40,730
2008,28,1481,738,330,1548,45,1165
2008,30,1441,903,237,1051,268,1140
2008,32,2266,1275,620,1383,57,2135
2008,33,1563,567,259,1389,47,1182
2008,34,1642,437,207,1813,56,1338
2008,40,3786,1845,561,2839,131,2681
2008,41,2092,820,849,1511,44,1641
2008,42,2350,1049,342,1808,81,2128
2008,43,4012,3202,530,3553,97,3264
2008,44,3569,2488,597,2859,114,3052
2008,45,2192,408,234,2668,200,1082
2008,46,3521,2733,467,2540,78,3168
2008,47,2535,1754,417,1963,89,2485
2008,48,2369,1052,395,1952,76,2316
2008,49,2492,221,247,2325,68,1343
2008,50,1942,267,121,1825,45,808
2008,52,3184,1378,446,2970,286,2506
2008,60,2125,503,338,2120,47,1612
2008,61,2384,439,270,2970,76,1252
2008,62,2459,233,212,2414,48,1227
2008,63,1975,237,219,2491,43,993
2008,66,1776,136,141,2170,56,986
2008,67,2516,942,397,2618,83,2618
2008,68,2077,227,174,2042,69,831
2008,69,1676,374,191,1554,34,1244
2008,70,2348,398,340,3071,64,2265
2008,71,2308,303,329,1995,63,2019
2008,72,1787,311,223,1940,77,1378
2008,73,2693,1845,638,2058,100,3083
2008,75,3955,2402,927,3902,112,4291
2008,76,914,287,123,978,37,553
2008,77,2008,1523,369,1928,71,1782
2008,78,925,114,97,1661,17,510
2008,79,2551,729,577,2426,55,2393
2008,81,1896,945,343,1530,56,1683
2008,83,2093,454,397,1989,58,2138
2008,84,1329,296,269,2369,38,897
2008,88,1236,311,175,2179,40,836
2008,90,1840,608,235,2573,74,1428
2008,94,955,152,102,1405,26,526
2008,100,1008,120,177,647,12,585
2008,101,1840,159,199,765,16,1078
2008,102,2457,210,323,2298,61,1630
2008,103,2399,397,375,2601,97,2113
2008,104,2741,210,272,2698,74,1335
2008,105,2714,114,323,2487,92,1764
2008,106,2269,133,295,2010,69,1349
2008,107,2129,133,188,2326,61,1083
2008,108,1815,240,204,2308,72,1006
2008,109,2593,316,224,3614,64,1372
2008,110,1650,191,194,3187,68,1653
2008,111,1233,112,91,1552,41,463
2008,112,1033,129,83,1809,56,509
2008,113,2860,226,513,3119,140,2227
2008,114,2739,372,339,3609,70,1748
2008,115,2100,694,292,2955,167,1953
2008,120,4984,1042,689,2969,64,2469
2008,121,0,0,0,1,0,3
2008,122,4859,687,356,3351,63,1189
2008,123,1991,238,151,1183,20,423
2009,1,1277,93,146,3974,52,585
2009,5,954,124,206,2403,29,734
2009,6,905,582,87,3124,29,644
2009,7,1232,530,214,1212,34,902
2009,9,1647,375,241,3176,47,1105
2009,10,1003,350,134,1852,44,763
2009,13,1478,189,203,4508,62,1106
2009,14,1397,329,420,8311,74,1444
2009,17,737,92,84,1751,45,456
2009,18,1493,479,242,4544,57,850
2009,19,1363,179,128,3612,68,693
2009,20,1035,181,113,2183,40,587
2009,22,52,102,24,106,5,58
2009,23,2677,937,485,1240,44,1577
2009,24,1792,442,225,1812,27,839
2009,25,2011,854,335,1880,59,1433
2009,26,1149,337,159,1156,28,691
2009,28,1604,932,384,1714,35,1222
2009,30,1266,1349,383,858,372,1206
2009,32,2445,1249,620,1421,50,2013
2009,33,1333,596,253,1193,71,1191
2009,34,1604,508,226,1734,49,1338
2009,40,3981,1926,640,2415,244,2728
2009,41,1973,717,866,1500,63,1611
2009,42,2252,1444,384,1519,93,2059
2009,43,4233,2745,595,3339,133,3247
2009,44,3714,2243,584,2697,118,3170
2009,45,2296,383,229,2579,108,1078
2009,46,3453,2682,472,2200,72,3198
2009,47,2556,1608,434,1842,102,2569
2009,48,2405,883,427,1919,99,2463
2009,49,2448,268,249,2219,350,1259
2009,50,1757,460,181,1802,42,862
2009,52,2819,1465,472,2773,432,2333
2009,60,1840,481,364,1925,50,1357
2009,61,2162,420,274,2683,81,1125
2009,62,2107,276,212,2366,59,1130
2009,63,1773,145,185,2265,48,1045
2009,66,1755,102,146,2055,68,987
2009,67,2411,992,493,2423,104,2697
2009,68,1861,393,174,1955,52,821
2009,69,1604,449,226,1439,56,1178
2009,70,2057,336,364,3087,83,2028
2009,71,2153,286,372,2139,73,1980
2009,72,1653,323,196,1676,56,1296
2009,73,2946,2024,769,2038,119,3292
2009,75,4300,2966,1109,3732,133,4516
2009,76,858,269,134,932,27,550
2009,77,2046,1471,441,1688,78,1647
2009,78,751,77,74,1464,30,470
2009,79,2123,842,566,2003,82,2281
2009,81,2014,961,386,1564,44,1647
2009,83,2037,361,381,1833,63,1948
2009,84,1262,273,288,2196,48,857
2009,88,1052,247,178,1866,41,789
2009,90,1752,500,258,2362,53,1264
2009,94,892,138,106,1329,17,538
2009,100,1085,142,205,580,15,612
2009,101,1500,148,238,816,23,1040
2009,102,2388,211,292,2064,54,1532
2009,103,2227,372,438,2290,78,2088
2009,104,2669,181,345,2623,84,1422
2009,105,2538,129,345,2446,122,1747
2009,106,2170,131,268,1895,64,1249
2009,107,2027,169,183,2154,44,1039
2009,108,1861,227,154,1988,75,952
2009,109,2738,285,264,3547,112,1378
2009,110,1550,152,185,2833,80,1497
2009,111,1228,109,100,1552,36,438
2009,112,1011,123,82,1476,51,478
2009,113,2439,227,492,2816,377,2300
2009,114,2707,378,375,3046,67,1848
2009,115,2066,682,332,2741,105,2121
2009,120,4483,1045,727,2850,61,2445
2009,121,0,0,0,4,0,1
2009,122,4015,423,315,3026,53,1072
2009,123,1716,182,156,1024,19,432
2010,1,1217,100,122,3739,36,565
2010,5,1116,116,172,2752,37,666
2010,6,1021,503,119,3029,26,621
2010,7,1210,472,204,1301,24,849
2010,9,1555,475,199,2997,35,1078
2010,10,1007,316,140,1836,42,731
2010,13,1477,204,185,4087,58,1011
2010,14,1293,395,383,8200,61,1547
2010,17,740,80,76,1688,62,441
2010,18,1489,569,217,4470,74,1001
2010,19,1350,114,136,3684,65,741
2010,20,1112,137,129,2179,27,588
2010,22,43,122,20,186,4,79
2010,23,2244,958,529,1274,44,1652
2010,24,1705,326,220,1929,27,777
2010,25,1767,1255,394,1749,53,1501
2010,26,1030,296,151,1123,30,770
2010,28,1373,827,322,1663,32,1195
2010,30,1261,935,285,828,302,1260
2010,32,2254,1033,485,1399,73,2031
2010,33,1315,451,220,1218,53,1185
2010,34,1525,370,190,1555,46,1399
2010,40,3957,1465,589,2403,133,2840
2010,41,2062,591,800,1426,51,1744
2010,42,2209,1160,386,1461,81,2151
2010,43,4033,2751,612,3190,108,3558
2010,44,3496,2689,770,2743,111,3542
2010,45,2170,378,253,2611,81,1105
2010,46,3218,2148,441,1910,71,3164
2010,47,2457,1473,386,2105,70,2666
2010,48,2322,822,494,1926,102,2549
2010,49,2487,256,267,2199,396,1555
2010,50,1543,265,147,1675,37,929
2010,52,2603,1918,461,2752,789,2660
2010,60,1987,727,351,2177,56,1400
2010,61,1896,421,260,2287,63,1059
2010,62,1937,236,230,2104,66,999
2010,63,1658,247,213,2119,65,963
2010,66,1648,105,166,1963,66,968
2010,67,2597,778,499,2437,108,2490
2010,68,1741,294,157,2109,65,780
2010,69,1639,401,207,1328,66,1178
2010,70,1996,499,312,2827,80,2102
2010,71,2237,651,360,2131,75,1999
2010,72,1623,382,226,1748,55,1407
2010,73,2802,2083,678,2185,115,3252
2010,75,4067,2971,994,3643,192,4765
2010,76,948,235,127,939,26,623
2010,77,2147,1307,419,1793,71,1926
2010,78,768,74,80,1669,47,455
2010,79,2530,630,554,2273,78,2365
2010,81,2071,914,445,1709,53,1956
2010,83,1832,281,403,1880,90,2123
2010,84,1401,278,281,2414,52,862
2010,88,1165,312,210,2094,42,816
2010,90,1785,482,216,2570,62,1395
2010,94,879,136,108,1424,34,544
2010,100,924,129,176,615,14,651
2010,101,1459,131,226,768,32,1053
2010,102,2169,165,340,2031,64,1572
2010,103,2209,357,487,2321,75,2253
2010,104,3137,269,321,2590,93,1520
2010,105,2360,115,354,2343,92,1696
2010,106,1974,110,296,1917,87,1247
2010,107,1945,112,166,2109,55,1051
2010,108,2004,262,170,2072,83,1071
2010,109,2427,257,238,3293,71,1456
2010,110,1465,154,197,3073,81,1670
2010,111,1093,123,94,1394,28,428
2010,112,995,65,92,1793,52,474
2010,113,2290,171,562,2969,636,2299
2010,114,2697,412,373,3161,74,1924
2010,115,2266,619,399,2753,77,2204
2010,120,4535,1167,729,2911,54,2623
2010,121,0,0,0,5,0,1
2010,122,3723,445,310,2869,66,1100
2010,123,1655,168,151,1056,24,384
2011,1,1127,181,228,3716,50,591
2011,5,1089,92,174,2376,41,687
2011,6,921,566,136,2851,42,708
2011,7,1164,518,190,1096,28,838
2011,9,1503,541,197,2877,32,967
2011,10,961,377,111,2010,46,643
2011,13,1380,191,203,4111,42,1074
2011,14,1216,435,311,7793,70,1326
2011,17,621,94,62,1681,69,465
2011,18,1338,620,210,4239,76,934
2011,19,1305,189,150,3600,81,748
2011,20,995,133,118,1954,24,531
2011,22,49,88,16,230,0,78
2011,23,2128,1019,453,1188,35,1499
2011,24,1447,293,184,1653,31,820
2011,25,1614,1020,327,1602,54,1470
2011,26,929,396,161,967,28,722
2011,28,1077,674,273,1615,31,1172
2011,30,1192,1010,250,822,136,1252
2011,32,2202,935,462,1372,63,1878
2011,33,1181,318,171,1128,43,1114
2011,34,1457,398,184,1695,47,1374
2011,40,3335,1602,509,2443,91,2742
2011,41,1816,537,1141,1474,47,1687
2011,42,2228,1393,317,1525,53,2194
2011,43,3853,2640,664,3291,120,3696
2011,44,3184,2623,731,3189,100,3530
2011,45,2019,416,235,2353,69,1037
2011,46,2728,1756,546,2072,83,3060
2011,47,2298,1181,385,2062,76,2612
2011,48,1997,749,388,1919,64,2219
2011,49,2325,273,225,2249,345,1513
2011,50,1418,315,168,1707,51,881
2011,52,2798,1647,463,3286,199,2785
2011,60,1966,630,341,1891,48,1474
2011,61,1645,404,218,2306,59,1036
2011,62,1891,278,227,2168,73,1044
2011,63,1516,277,195,2373,51,986
2011,66,1573,114,145,2000,94,936
2011,67,2559,695,474,2404,95,2878
2011,68,1649,359,163,1809,67,746
2011,69,1666,339,225,1399,49,1265
2011,70,1882,513,368,2993,89,1953
2011,71,2100,988,369,2034,65,1849
2011,72,1614,392,217,1625,69,1333
2011,73,2892,1949,760,2424,101,3351
2011,75,4205,2685,1137,4006,149,4669
2011,76,865,198,127,1022,16,599
2011,77,2190,1268,407,2040,95,2022
2011,78,753,89,75,1612,28,508
2011,79,2238,527,486,2316,84,2438
2011,81,1721,704,455,1763,60,1807
2011,83,1732,341,440,2060,57,2081
2011,84,1309,210,277,2384,50,914
2011,88,1185,458,150,2130,46,927
2011,90,1741,528,299,2528,53,1527
2011,94,973,79,113,1467,25,553
2011,100,838,114,184,714,17,602
2011,101,1323,122,300,768,20,1084
2011,102,2047,172,316,2120,74,1489
2011,103,2197,247,454,2468,94,2266
2011,104,4086,300,317,2551,86,1571
2011,105,2293,100,364,2487,97,1727
2011,106,1831,104,274,2013,63,1323
2011,107,1704,102,183,1921,71,960
2011,108,1723,286,176,2045,80,949
2011,109,2257,233,258,3333,87,1524
2011,110,1443,164,191,2863,70,1673
2011,111,1035,139,128,1295,47,426
2011,112,914,57,87,1980,50,441
2011,113,2077,203,455,3062,755,2368
2011,114,2648,384,427,3104,79,1940
2011,115,2000,629,341,2658,93,2335
2011,120,4044,1145,695,2967,67,2575
2011,121,2,0,0,12,0,7
2011,122,3516,545,357,2660,67,1077
2011,123,1626,184,124,1025,18,416
2012,1,1316,104,209,3929,36,625
2012,5,1114,128,214,2356,41,712
2012,6,897,496,150,3081,47,810
2012,7,1211,455,256,1265,25,917
2012,9,1626,538,234,2792,44,1024
2012,10,1017,336,121,2100,39,632
2012,13,1365,203,207,4144,63,1053
2012,14,1350,679,352,7302,71,1428
2012,17,652,119,99,1794,49,521
2012,18,1484,437,215,4562,90,1014
2012,19,1242,256,148,3897,69,761
2012,20,1025,137,134,2223,36,509
2012,22,66,84,25,206,8,76
2012,23,2101,819,438,1268,34,1559
2012,24,1531,268,188,1964,28,826
2012,25,1675,1078,380,1853,60,1558
2012,26,1025,458,173,1085,21,740
2012,28,1217,671,320,1645,24,1176
2012,30,1320,950,212,1052,179,1252
2012,32,2081,794,476,1419,52,1747
2012,33,1253,263,177,1317,42,987
2012,34,1469,326,229,1762,55,1348
2012,40,3251,1891,550,2765,74,3177
2012,41,1907,652,864,1490,51,2056
2012,42,2269,1133,343,1596,55,2159
2012,43,3506,2024,592,3312,99,3623
2012,44,3025,2017,578,3427,72,3606
2012,45,1910,370,214,2113,64,1101
2012,46,2592,1651,473,1988,87,2884
2012,47,2545,1006,375,2359,93,2718
2012,48,1950,899,401,2087,77,2398
2012,49,1941,341,219,2103,361,1578
2012,50,1291,233,124,1741,47,910
2012,52,2601,1370,422,3429,126,2679
2012,60,1802,475,333,2146,43,1462
2012,61,1634,515,231,2596,89,1166
2012,62,1792,466,220,2022,72,1121
2012,63,1470,232,216,2212,35,1039
2012,66,1479,166,165,2035,79,963
2012,67,2534,706,490,2521,127,2843
2012,68,1737,391,206,1956,56,723
2012,69,1772,383,239,1461,44,1288
2012,70,2286,462,317,2884,73,1941
2012,71,1985,769,379,2159,81,1695
2012,72,1594,481,219,1729,81,1331
2012,73,3178,1240,849,2737,87,3557
2012,75,4244,2166,1121,4306,165,5062
2012,76,853,396,123,1065,20,610
2012,77,2242,1030,418,2069,77,2057
2012,78,846,87,98,1927,46,536
2012,79,2322,485,592,2206,74,2567
2012,81,1877,659,465,1787,57,1901
2012,83,1856,352,402,2162,79,2226
2012,84,1312,235,273,2205,41,899
2012,88,1165,447,194,2205,27,1049
2012,90,1734,511,256,2451,79,1493
2012,94,1000,197,128,1560,33,638
2012,100,784,94,177,986,26,580
2012,101,1336,108,266,1066,24,1233
2012,102,1926,215,320,2140,80,1606
2012,103,2086,232,498,2394,68,2329
2012,104,3440,398,342,2563,96,1573
2012,105,2394,104,349,2466,98,1672
2012,106,1939,159,288,2275,90,1318
2012,107,1570,122,207,1790,63,1018
2012,108,1543,248,152,1874,70,1035
2012,109,2277,250,281,3186,66,1540
2012,110,1406,255,267,2942,84,1723
2012,111,975,124,93,1404,45,413
2012,112,1030,44,99,1962,47,519
2012,113,2185,246,560,3137,493,2389
2012,114,2787,433,436,3331,91,1992
2012,115,1853,639,303,2468,90,2183
2012,120,4122,885,741,3116,62,2908
2012,121,2,0,1,14,0,5
2012,122,3378,627,391,2805,77,1226
2012,123,1484,188,141,900,16,428
2013,1,1269,155,162,3691,56,574
2013,5,932,123,199,2371,47,700
2013,6,841,545,183,3237,42,775
2013,7,1131,346,236,1154,38,873
2013,9,1419,457,222,2913,45,947
2013,10,1033,358,157,2121,37,670
2013,13,1390,188,205,4380,88,1028
2013,14,1210,582,363,7605,51,1452
2013,17,588,78,80,1857,61,453
2013,18,1589,427,213,4466,96,1125
2013,19,1194,240,130,3910,98,640
2013,20,966,84,110,2308,36,489
2013,22,53,44,23,203,3,83
2013,23,2208,649,478,1462,30,1547
2013,24,1394,223,177,2011,33,807
2013,25,1750,1064,383,1788,55,1552
2013,26,883,344,186,1073,26,731
2013,28,1286,545,284,1825,37,1069
2013,30,1160,809,295,1078,157,1287
2013,32,1915,558,478,1288,41,1767
2013,33,1189,397,204,1270,39,1073
2013,34,1378,378,199,1932,55,1277
2013,40,2854,1871,593,2859,85,3117
2013,41,1908,735,928,1581,65,2202
2013,42,2020,1029,299,1663,67,2198
2013,43,3551,1327,624,3341,115,3494
2013,44,2988,1610,543,3460,82,3580
2013,45,1897,364,216,2131,64,1016
2013,46,2624,1005,458,2088,97,2865
2013,47,2346,606,403,2260,114,2695
2013,48,2130,1008,422,2184,96,2390
2013,49,1956,532,202,2081,570,1366
2013,50,1316,308,127,1545,43,791
2013,52,2424,1331,420,3281,101,2632
2013,60,1730,618,296,1885,42,1545
2013,61,1434,422,251,2420,81,1122
2013,62,1850,301,245,2126,61,1070
2013,63,1252,205,201,2218,54,836
2013,66,1334,191,160,2076,63,855
2013,67,2661,756,572,2531,133,2815
2013,68,1689,424,203,1976,62,720
2013,69,1601,322,237,1386,66,1270
2013,70,2108,417,388,2838,99,1870
2013,71,1955,563,380,2171,77,1740
2013,72,1522,549,202,1777,76,1213
2013,73,2947,703,858,2299,80,3415
2013,75,4243,2089,1101,4326,203,4949
2013,76,765,203,120,1026,29,538
2013,77,1911,942,486,2163,83,2082
2013,78,823,90,100,2309,36,559
2013,79,2247,565,584,2254,81,2286
2013,81,1819,659,497,1642,62,1921
2013,83,1745,336,384,2319,76,2020
2013,84,1171,219,293,2471,40,809
2013,88,1146,274,201,1620,47,940
2013,90,1763,527,306,2505,89,1442
2013,94,864,224,143,1562,38,705
2013,100,696,96,191,702,23,631
2013,101,1397,120,368,1138,23,1282
2013,102,2114,268,369,2205,73,1658
2013,103,2347,292,596,2633,77,2658
2013,104,2386,338,315,2609,80,1425
2013,105,2552,147,417,2256,110,1717
2013,106,1965,171,362,2036,86,1423
2013,107,1639,160,221,1936,48,979
2013,108,1792,238,185,2179,88,1041
2013,109,2187,260,272,3425,90,1537
2013,110,1508,288,265,3138,95,1817
2013,111,1099,129,98,1347,43,400
2013,112,911,58,94,2071,35,413
2013,113,2119,308,655,2682,517,2470
2013,114,2723,580,441,3272,88,1980
2013,115,2057,742,391,2565,112,2241
2013,120,3589,509,603,2403,69,2295
2013,121,1232,311,209,1270,23,622
2013,122,2709,517,283,2225,46,883
2013,123,1136,231,157,929,14,370
2014,1,1105,248,166,3438,48,565
2014,5,937,114,213,2120,53,688
2014,6,793,450,148,2874,31,716
2014,7,1209,365,233,1170,35,827
2014,9,1281,379,199,2626,30,912
2014,10,918,338,145,1885,40,598
2014,13,1322,150,163,3973,73,1184
2014,14,1209,529,352,7078,94,1440
2014,17,563,75,73,1625,53,509
2014,18,1551,290,256,4600,96,1077
2014,19,1118,236,112,3582,66,688
2014,20,926,69,141,2269,21,452
2014,22,79,27,13,140,4,85
2014,23,2169,654,433,1445,39,1543
2014,24,1295,216,194,1982,27,755
2014,25,2186,1308,376,1796,35,1581
2014,26,968,210,141,1005,19,637
2014,28,1317,421,296,1741,24,1028
2014,30,1231,631,280,993,83,1173
2014,32,2008,635,421,1346,56,1704
2014,33,1041,259,181,1321,42,997
2014,34,1545,444,206,1742,58,1251
2014,40,3106,1843,637,2976,73,3083
2014,41,1942,764,998,1794,72,2150
2014,42,2120,1079,334,1668,44,2320
2014,43,3468,1077,605,3161,123,3592
2014,44,2728,1266,458,3653,87,3343
2014,45,2109,311,230,2315,62,1108
2014,46,2776,1252,483,2289,77,2873
2014,47,2411,837,430,2305,122,2732
2014,48,2177,1063,407,2116,96,2433
2014,49,1880,501,222,2242,392,1375
2014,50,1258,404,145,1724,41,822
2014,52,2481,1533,499,3389,64,2672
2014,60,1788,639,333,1912,44,1547
2014,61,1557,366,262,2529,80,1087
2014,62,1881,324,302,2172,58,1198
2014,63,1279,295,178,2070,35,870
2014,66,1233,252,158,1966,75,777
2014,67,2841,809,587,2646,148,2971
2014,68,1473,431,213,1798,51,725
2014,69,1508,298,286,1494,34,1195
2014,70,2040,333,469,2925,78,1847
2014,71,2089,593,406,2144,82,1748
2014,72,1472,527,195,1726,57,1273
2014,73,2888,778,769,2130,86,3136
2014,75,4455,1846,1194,4756,200,4946
2014,76,809,173,107,1054,25,453
2014,77,2121,724,438,2150,69,1894
2014,78,942,107,91,2282,42,518
2014,79,2106,425,485,2398,75,1993
2014,81,1752,677,381,1771,67,1716
2014,83,1733,292,328,2408,76,1762
2014,84,1132,173,289,2484,52,743
2014,88,1194,272,212,1678,56,904
2014,90,1815,430,286,2700,77,1253
2014,94,1059,219,133,1752,43,549
2014,100,939,94,266,909,20,623
2014,101,1507,121,447,1105,26,1234
2014,102,2007,213,339,2244,74,1382
2014,103,2493,303,624,2579,73,2374
2014,104,2321,262,358,2506,73,1379
2014,105,2476,155,445,2298,101,1675
2014,106,2139,138,295,2182,75,1298
2014,107,1538,169,204,1749,46,910
2014,108,1680,285,163,1962,87,1044
2014,109,2261,161,289,3598,84,1474
2014,110,1463,288,265,3154,91,1765
2014,111,941,103,81,1346,28,332
2014,112,917,84,107,1906,85,436
2014,113,1910,280,707,2665,723,2275
2014,114,2949,600,505,3309,100,1986
2014,115,1951,910,421,2752,106,2333
2014,120,3005,379,548,1910,55,1716
2014,121,2276,675,372,2388,38,1303
2014,122,2282,277,271,1582,49,700
2014,123,1124,214,136,963,15,386
2015,1,1256,123,172,3383,56,601
2015,5,996,111,188,1901,42,812
2015,6,810,241,110,2990,26,765
2015,7,1285,349,221,1260,25,882
2015,9,1304,447,195,2553,41,934
2015,10,857,305,125,1766,48,665
2015,13,1325,185,193,4020,76,1239
2015,14,1222,413,312,6738,77,1549
2015,17,709,38,67,1624,57,446
2015,18,1619,368,241,4366,93,1157
2015,19,1171,139,130,3656,60,710
2015,20,951,55,103,2241,28,440
2015,22,80,23,14,150,6,77
2015,23,2050,715,404,1374,37,1707
2015,24,1428,181,162,2103,28,718
2015,25,2203,963,376,1830,71,1622
2015,26,917,145,149,927,17,631
2015,28,1372,388,275,1716,28,1101
2015,30,1211,528,244,993,97,1065
2015,32,2094,634,435,1410,57,1809
2015,33,1129,209,179,1253,41,1076
2015,34,1662,278,215,1908,54,1378
2015,40,3041,1639,603,3400,104,3562
2015,41,1737,543,980,1775,48,2064
2015,42,2130,934,383,1674,66,2330
2015,43,3610,719,527,3172,104,3404
2015,44,2965,1023,500,3523,113,3473
2015,45,2113,272,241,2632,58,1122
2015,46,2817,1012,423,2129,78,2854
2015,47,2711,839,443,2356,104,2712
2015,48,2219,935,373,1997,77,2529
2015,49,1905,389,226,2066,306,1400
2015,50,1365,429,119,1654,42,854
2015,52,2615,1254,441,3122,106,2565
2015,60,1932,455,383,1951,58,1635
2015,61,1592,331,196,2269,92,1047
2015,62,1861,302,350,2044,86,1233
2015,63,1529,188,200,2125,36,887
2015,66,1327,311,145,1873,84,858
2015,67,2958,660,626,2750,122,2712
2015,68,1642,370,185,1818,52,764
2015,69,1567,231,281,1346,52,1163
2015,70,2148,230,413,2828,116,1759
2015,71,2105,487,429,2065,83,1731
2015,72,1669,401,205,1640,61,1305
2015,73,2832,771,671,2163,91,3048
2015,75,4242,1244,1078,4711,188,4529
2015,76,755,171,106,985,18,479
2015,77,2016,349,365,1881,78,1720
2015,78,955,162,104,1984,34,629
2015,79,1922,254,370,2274,81,1779
2015,81,1747,358,344,1614,55,1513
2015,83,1776,161,304,2114,98,1721
2015,84,1186,112,290,2484,68,775
2015,88,1099,183,217,1381,27,821
2015,90,1953,385,296,2601,91,1267
2015,94,1066,147,110,1769,53,578
2015,100,908,52,263,792,13,616
2015,101,1440,83,430,1058,26,1411
2015,102,1879,133,382,1917,71,1473
2015,103,2465,537,649,2388,113,2308
2015,104,2008,150,297,2224,71,1140
2015,105,2622,80,457,2503,122,1686
2015,106,1957,168,276,2148,92,1192
2015,107,1533,126,221,1768,51,842
2015,108,1625,215,152,1731,96,962
2015,109,2173,175,282,3562,90,1340
2015,110,1464,190,289,2915,70,1656
2015,111,966,121,114,1212,30,322
2015,112,800,88,92,1700,193,392
2015,113,1887,259,589,2421,836,2054
2015,114,2786,424,464,3153,114,1865
2015,115,1820,434,344,2505,125,2255
2015,120,3157,332,519,1850,52,1679
2015,121,2319,504,340,2263,52,1253
2015,122,2334,218,259,1468,53,717
2015,123,1172,240,134,797,19,344
2016,1,1480,224,151,3602,68,683
2016,5,971,144,250,1910,42,814
2016,6,926,198,116,2541,31,836
2016,7,1412,390,238,1304,33,979
2016,9,1323,416,224,2529,40,1094
2016,10,993,289,129,1707,28,719
2016,13,1289,195,189,3772,69,1118
2016,14,1348,576,350,6199,72,1616
2016,17,812,117,71,1710,67,501
2016,18,1731,496,196,4461,69,1269
2016,19,1374,81,118,3855,100,761
2016,20,980,57,125,2183,37,461
2016,22,89,13,10,123,1,89
2016,23,2223,638,427,1394,39,1709
2016,24,1444,156,131,2209,31,745
2016,25,2056,850,335,1678,70,1540
2016,26,961,209,100,957,27,628
2016,28,1692,522,226,1943,33,1198
2016,30,1293,670,213,1070,71,1060
2016,32,2239,781,491,1390,49,1736
2016,33,1303,213,175,1387,37,1012
2016,34,1453,268,244,2002,65,1476
2016,40,3299,1355,544,3302,140,3640
2016,41,1730,610,1103,1683,56,2150
2016,42,2405,832,430,1798,74,2572
2016,43,3712,832,523,3264,113,3317
2016,44,3298,872,538,3403,140,3217
2016,45,2262,352,213,2267,65,1115
2016,46,3190,437,391,2348,86,2757
2016,47,3254,661,461,2861,128,2911
2016,48,2308,617,374,2031,84,2279
2016,49,1905,534,237,1908,350,1480
2016,50,1439,392,128,1643,41,838
2016,52,2558,1078,361,2981,102,2682
2016,60,1901,479,372,1678,46,1398
2016,61,1611,364,254,1998,103,970
2016,62,1654,337,323,1956,69,1165
2016,63,1554,243,245,2047,62,783
2016,66,1304,386,145,1703,91,812
2016,67,3427,385,604,2837,132,2640
2016,68,1637,733,191,1766,42,771
2016,69,1714,211,282,1272,45,1094
2016,70,2197,346,424,2653,97,1640
2016,71,2189,480,409,2031,83,1621
2016,72,1493,336,211,1670,67,1368
2016,73,2904,516,677,2118,94,2890
2016,75,4185,784,978,4428,206,4392
2016,76,707,318,141,883,31,514
2016,77,2085,234,354,1835,74,1722
2016,78,1018,227,107,2109,44,588
2016,79,2075,287,379,2263,77,1830
2016,81,1619,295,307,1555,55,1432
2016,83,2057,157,312,2077,81,1711
2016,84,1253,174,317,2590,70,834
2016,88,1132,255,212,1362,65,796
2016,90,2056,220,257,2530,104,1290
2016,94,1064,124,108,1712,45,596
2016,100,976,94,265,869,11,667
2016,101,1609,95,370,1152,33,1360
2016,102,1918,163,417,1796,72,1344
2016,103,2301,281,471,2042,113,2129
2016,104,2052,134,293,2304,79,1161
2016,105,2572,106,447,2340,123,1614
2016,106,2068,217,319,1956,90,1172
2016,107,1539,119,211,1827,56,792
2016,108,1461,176,154,1740,96,857
2016,109,2510,159,305,3560,103,1422
2016,110,1544,228,226,2826,92,1599
2016,111,878,121,90,1383,39,385
2016,112,938,125,101,1447,179,368
2016,113,2117,241,584,2213,820,2024
2016,114,2978,380,467,3223,125,1914
2016,115,1967,488,333,2487,129,2325
2016,120,3020,513,552,1875,51,1747
2016,121,2235,455,365,2204,68,1095
2016,122,2160,241,266,1426,49,794
2016,123,1091,330,126,711,12,340
2017,-99,0,0,0,1,0,2
2017,1,1533,171,145,3434,64,713
2017,5,961,122,180,1823,53,938
2017,6,968,445,139,2599,42,827
2017,7,1283,377,200,1291,50,1053
2017,9,1212,298,195,2386,38,940
2017,10,1026,199,101,1604,50,683
2017,13,1442,190,161,3602,92,1147
2017,14,1530,459,286,5994,61,1679
2017,17,918,130,67,1941,66,605
2017,18,1788,545,182,4496,90,1220
2017,19,1397,82,122,3931,109,869
2017,20,1005,134,110,2534,32,469
2017,22,71,13,17,101,1,82
2017,23,2087,714,351,1442,44,1540
2017,24,1379,155,131,2443,32,739
2017,25,1698,1036,300,1758,44,1641
2017,26,997,211,108,1076,18,618
2017,28,1670,542,179,2148,44,1074
2017,30,1229,173,186,1154,42,793
2017,32,2076,418,364,1380,44,1617
2017,33,1182,417,188,1319,33,916
2017,34,1684,332,249,2119,54,1397
2017,40,3370,1288,560,3219,123,3420
2017,41,1770,469,880,1608,75,1752
2017,42,2488,736,387,2070,76,2224
2017,43,3519,792,509,3112,114,3050
2017,44,3523,761,513,3582,140,3092
2017,45,2295,251,201,2134,78,1128
2017,46,2791,557,376,1996,120,2704
2017,47,3189,538,497,2954,128,2818
2017,48,2624,488,334,2115,92,2285
2017,49,1933,559,241,1937,438,1415
2017,50,1499,268,93,1686,43,741
2017,52,2747,1148,428,2944,123,2503
2017,60,1790,611,328,1646,57,1291
2017,61,1621,376,287,2135,97,1035
2017,62,1595,326,287,2047,60,1017
2017,63,1499,238,220,1744,59,867
2017,66,1248,249,125,1611,94,814
2017,67,3152,271,513,2740,161,2585
2017,68,1374,804,243,1750,56,736
2017,69,1464,290,306,1286,42,1020
2017,70,2007,502,403,2585,84,1561
2017,71,1990,356,355,1986,79,1501
2017,72,1541,360,243,1790,64,1235
2017,73,2845,567,585,1953,116,2743
2017,75,4577,633,840,4652,222,4030
2017,76,635,375,160,884,19,488
2017,77,1936,465,384,1711,58,1526
2017,78,978,176,91,1993,42,564
2017,79,2158,441,365,2191,82,1754
2017,81,1657,262,288,1497,47,1274
2017,83,2104,153,287,2215,103,1612
2017,84,1313,187,267,2645,42,918
2017,88,1187,207,149,1324,48,731
2017,90,2138,311,273,2601,95,1266
2017,94,1191,190,132,1530,67,613
2017,100,817,145,234,845,21,662
2017,101,1472,88,455,1037,26,1268
2017,102,1759,86,294,1602,86,1106
2017,103,2205,184,405,1903,102,1937
2017,104,2237,133,257,2317,83,1097
2017,105,2426,104,452,2181,114,1581
2017,106,2138,154,302,1875,79,1228
2017,107,1662,183,218,1751,55,930
2017,108,1686,172,171,1718,75,979
2017,109,2673,197,277,3526,104,1522
2017,110,1561,164,230,2515,75,1680
2017,111,847,110,111,1150,45,348
2017,112,958,78,79,1549,94,432
2017,113,2108,138,553,1888,655,1969
2017,114,3040,293,446,2846,114,1877
2017,115,2309,428,360,2642,111,2327
2017,120,3120,430,531,1739,42,1681
2017,121,2409,449,328,2036,55,1011
2017,122,2251,229,239,1408,49,708
2017,123,899,355,129,791,20,341
2018,-99,1,0,47,1,0,29
2018,1,1763,60,147,4241,71,799
2018,5,986,109,186,1917,47,927
2018,6,936,296,133,2758,31,866
2018,7,1280,148,185,1534,37,935
2018,9,1273,195,182,2457,42,958
2018,10,1171,173,102,1929,60,721
2018,13,1583,236,160,4208,78,1222
2018,14,1874,423,293,6361,80,1760
2018,17,906,108,66,2216,60,625
2018,18,1983,245,208,4587,89,1343
2018,19,1553,49,163,4242,90,920
2018,20,1048,36,104,2498,30,510
2018,22,64,20,10,96,2,64
2018,23,2009,290,346,1499,53,1536
2018,24,1408,82,162,2463,31,713
2018,25,1735,719,323,2154,58,1731
2018,26,993,133,112,1255,30,610
2018,28,1672,319,193,2072,37,1055
2018,30,1278,122,174,1281,31,892
2018,32,2035,272,363,1436,61,1590
2018,33,1273,344,192,1285,41,924
2018,34,1601,214,246,2030,80,1395
2018,40,3586,1146,544,3169,125,3317
2018,41,1721,307,693,1742,74,1612
2018,42,2758,381,370,2106,94,2470
2018,43,3533,485,574,2893,111,2890
2018,44,4213,604,523,3607,148,3329
2018,45,2076,237,159,2277,71,1300
2018,46,2940,714,457,2108,110,2882
2018,47,3189,581,470,2441,146,3014
2018,48,2586,403,346,1994,95,2226
2018,49,2133,279,331,1898,481,1504
2018,50,1384,97,119,1694,63,765
2018,52,2549,902,406,3239,130,2679
2018,60,1830,566,391,1909,77,1395
2018,61,1767,218,253,2194,112,1088
2018,62,1774,138,264,2110,64,988
2018,63,1309,171,216,1897,46,750
2018,66,1210,154,141,1842,83,757
2018,67,3403,309,611,2806,137,2454
2018,68,1144,565,183,1690,57,776
2018,69,1379,177,245,1455,73,950
2018,70,2004,302,375,2729,127,1560
2018,71,2065,177,307,2085,101,1492
2018,72,1470,305,264,1950,83,1239
2018,73,3122,479,703,2159,117,2972
2018,75,4732,491,794,4782,232,3981
2018,76,738,281,185,940,31,520
2018,77,2066,411,358,1838,97,1576
2018,78,1073,141,126,2049,59,653
2018,79,2495,425,385,2373,98,1866
2018,81,1761,136,246,1592,67,1279
2018,83,2241,170,295,2346,89,1617
2018,84,1411,136,269,2639,54,1010
2018,88,1359,114,152,1402,52,745
2018,90,2121,263,280,2545,122,1273
2018,94,1242,127,142,1714,48,628
2018,100,741,117,201,821,16,612
2018,101,1506,102,358,1195,40,1324
2018,102,1922,68,308,1671,99,1138
2018,103,2159,149,445,1880,116,1895
2018,104,2214,85,267,2396,84,1018
2018,105,2654,83,438,2350,134,1658
2018,106,2233,143,342,1864,99,1338
2018,107,1512,90,233,1695,61,840
2018,108,1825,152,167,1908,105,864
2018,109,2647,186,292,3986,132,1484
2018,110,1690,146,241,2875,92,1837
2018,111,842,95,94,1157,44,354
2018,112,904,57,92,1718,119,393
2018,113,2140,142,577,2369,364,1834
2018,114,2814,245,424,3032,137,1918
2018,115,2266,262,408,2594,129,2439
2018,120,3155,391,566,1832,58,1831
2018,121,2206,359,335,2047,63,1056
2018,122,2148,226,235,1520,47,701
2018,123,1059,237,133,875,21,315
2019,-99,13,5,426,8,0,217
2019,1,1610,56,145,3718,62,757
2019,5,1150,129,131,1861,57,989
2019,6,1048,321,139,2700,36,799
2019,7,1258,99,176,1473,51,1029
2019,9,1153,171,197,2300,46,933
2019,10,1069,175,134,1815,51,737
2019,13,1670,213,181,4218,73,1161
2019,14,1718,433,234,5490,73,1432
2019,17,806,57,80,2130,84,506
2019,18,1793,102,174,4407,96,1296
2019,19,1471,42,195,4825,86,906
2019,20,1005,33,96,2398,29,521
2019,22,63,12,5,93,1,75
2019,23,1826,194,404,1379,59,1557
2019,24,1121,55,118,2242,24,799
2019,25,1752,1147,348,2089,80,1587
2019,26,1089,76,139,1283,20,620
2019,28,1468,253,252,1772,39,1190
2019,30,1174,131,174,1300,38,919
2019,32,2034,266,369,1365,55,1632
2019,33,1203,299,189,1314,54,897
2019,34,1445,230,232,1911,86,1341
2019,40,3920,1556,591,3163,159,3373
2019,41,1769,233,177,1428,79,1232
2019,42,2804,341,356,2006,115,2360
2019,43,3166,265,447,2558,142,2681
2019,44,3701,429,531,3151,176,3375
2019,45,2077,166,233,2013,75,1233
2019,46,3175,629,467,2201,121,2711
2019,47,3252,391,495,2280,152,2862
2019,48,2487,292,342,1837,83,2218
2019,49,2046,166,302,1722,341,1447
2019,50,1489,71,153,1750,60,696
2019,52,2636,767,463,3021,138,2639
2019,60,1744,315,370,1667,57,1317
2019,61,1388,164,296,1986,119,1001
2019,62,1731,156,285,2117,61,951
2019,63,1137,75,226,1693,56,741
2019,66,1219,103,187,1651,85,771
2019,67,2901,216,584,2328,172,2247
2019,68,1256,317,210,1672,46,758
2019,69,1501,103,230,1178,58,906
2019,70,1834,198,325,2608,108,1419
2019,71,1783,157,380,1774,105,1358
2019,72,1422,302,255,1802,72,1156
2019,73,3250,351,647,1886,151,2646
2019,75,4372,406,771,4357,238,3687
2019,76,698,197,149,831,39,435
2019,77,1884,263,383,1582,96,1404
2019,78,1018,68,138,1840,39,579
2019,79,2269,239,442,2571,84,1691
2019,81,1666,158,248,1713,98,1208
2019,83,2025,200,310,2139,88,1557
2019,84,1338,115,247,2191,47,876
2019,88,1233,115,169,1432,58,875
2019,90,1950,248,318,2192,125,1254
2019,94,980,71,118,1434,41,539
2019,100,977,47,226,810,20,639
2019,101,1609,68,400,1000,30,1267
2019,102,1879,104,294,1391,93,1167
2019,103,2179,259,450,1992,130,1970
2019,104,1924,134,281,2198,102,1069
2019,105,2635,80,422,2165,192,1646
2019,106,2087,147,322,1741,146,1260
2019,107,1806,83,235,1746,76,934
2019,108,1394,151,162,1757,97,906
2019,109,2458,175,304,3690,123,1438
2019,110,1737,132,236,2673,110,1728
2019,111,795,69,107,1132,53,361
2019,112,925,118,109,1497,67,426
2019,113,2371,205,543,2135,167,1881
2019,114,2556,212,470,2769,161,1795
2019,115,2048,273,368,2239,124,2201
2019,120,2816,373,586,1394,42,1463
2019,121,2021,385,380,1668,47,952
2019,122,1879,223,256,1147,58,640
2019,123,893,150,124,568,18,295
